{
    "loss": 0.15445509552955627,
    "accuracy": 0.9791666865348816
}