{
    "loss": 0.10785996168851852,
    "accuracy": 0.9791666865348816
}