{
    "loss": 9.711115837097168,
    "accuracy": 0.4510638415813446
}